"Corpus"	"CorpusIso"	"Points"	"Recognizer"	"Iso"	"Words"	"Cer"	"WordQ3"	"Coverage"	"Agreement"	"TokenLen"	"GapP25"	"GapP50"	"GapP75"	"GapMax"
"Latin"	"Latn"	"10"	"ar-SA"	"Arab"	"18"	"0.2609"	"11"	"0.1394"	"0"	"3.72"	"0.308"	"0.364"	"0.385"	"0.455"
"Latin"	"Latn"	"10"	"de-DE"	"Latn"	"17"	"0.087"	"11"	"0.1407"	"1"	"3.94"	"0.308"	"0.364"	"0.385"	"0.455"
"Latin"	"Latn"	"10"	"en-US"	"Latn"	"19"	"0.1014"	"11"	"0.1374"	"1"	"3.47"	"0.308"	"0.364"	"0.385"	"0.455"
"Latin"	"Latn"	"10"	"fr-FR"	"Latn"	"18"	"0.0725"	"11"	"0.1382"	"1"	"3.72"	"0.308"	"0.364"	"0.385"	"0.455"
"Latin"	"Latn"	"10"	"zh-Hans-CN"	"Hans"	"23"	"0.3043"	"11"	"0.1271"	"0.0513"	"2.61"	"0.308"	"0.364"	"0.385"	"2.818"
"Latin"	"Latn"	"10"	"zh-Hant-HK"	"Hant"	"19"	"0.2029"	"11"	"0.132"	"0.027"	"3.21"	"0.308"	"0.364"	"0.385"	"2.818"
"Latin"	"Latn"	"10"	"zh-Hant-TW"	"Hant"	"19"	"0.2029"	"11"	"0.132"	"0.027"	"3.21"	"0.308"	"0.364"	"0.385"	"2.818"
"Latin"	"Latn"	"12"	"ar-SA"	"Arab"	"18"	"0.058"	"13"	"0.1599"	"0"	"3.83"	"0.312"	"0.312"	"0.385"	"0.385"
"Latin"	"Latn"	"12"	"de-DE"	"Latn"	"18"	"0.0435"	"13"	"0.1614"	"1"	"3.83"	"0.312"	"0.312"	"0.385"	"0.385"
"Latin"	"Latn"	"12"	"en-US"	"Latn"	"19"	"0.058"	"13"	"0.1586"	"1"	"3.63"	"0.312"	"0.312"	"0.385"	"0.385"
"Latin"	"Latn"	"12"	"fr-FR"	"Latn"	"18"	"0.0435"	"13"	"0.1596"	"1"	"3.83"	"0.312"	"0.312"	"0.385"	"0.385"
"Latin"	"Latn"	"12"	"zh-Hans-CN"	"Hans"	"24"	"0.1884"	"13"	"0.1532"	"0.0465"	"2.75"	"0.154"	"0.312"	"0.385"	"1.308"
"Latin"	"Latn"	"12"	"zh-Hant-HK"	"Hant"	"19"	"0.1159"	"13"	"0.1801"	"0.0455"	"3.53"	"0.154"	"0.308"	"0.385"	"1.154"
"Latin"	"Latn"	"12"	"zh-Hant-TW"	"Hant"	"19"	"0.1159"	"13"	"0.1801"	"0.0455"	"3.53"	"0.154"	"0.308"	"0.385"	"1.154"
"Latin"	"Latn"	"16"	"ar-SA"	"Arab"	"18"	"0.0435"	"17"	"0.1818"	"0"	"3.83"	"0.333"	"0.353"	"0.412"	"0.471"
"Latin"	"Latn"	"16"	"de-DE"	"Latn"	"18"	"0.0435"	"17"	"0.1812"	"1"	"3.83"	"0.333"	"0.381"	"0.412"	"0.471"
"Latin"	"Latn"	"16"	"en-US"	"Latn"	"19"	"0.058"	"17"	"0.1803"	"1"	"3.63"	"0.333"	"0.381"	"0.412"	"0.471"
"Latin"	"Latn"	"16"	"fr-FR"	"Latn"	"18"	"0.0435"	"17"	"0.1812"	"1"	"3.83"	"0.333"	"0.381"	"0.412"	"0.471"
"Latin"	"Latn"	"16"	"zh-Hans-CN"	"Hans"	"31"	"0.1884"	"16"	"0.1643"	"0.0682"	"2.26"	"0.118"	"0.286"	"0.381"	"0.471"
"Latin"	"Latn"	"16"	"zh-Hant-HK"	"Hant"	"18"	"0.1304"	"17"	"0.1768"	"0"	"3.56"	"0.333"	"0.381"	"0.412"	"2.412"
"Latin"	"Latn"	"16"	"zh-Hant-TW"	"Hant"	"18"	"0.1304"	"17"	"0.1768"	"0"	"3.56"	"0.333"	"0.381"	"0.412"	"2.412"
"Latin"	"Latn"	"24"	"ar-SA"	"Arab"	"18"	"0.0435"	"27"	"0.2201"	"0"	"3.83"	"0.355"	"0.37"	"0.387"	"0.481"
"Latin"	"Latn"	"24"	"de-DE"	"Latn"	"18"	"0.058"	"27"	"0.2136"	"1"	"3.72"	"0.355"	"0.37"	"0.387"	"0.444"
"Latin"	"Latn"	"24"	"en-US"	"Latn"	"19"	"0.0725"	"27"	"0.2188"	"1"	"3.58"	"0.333"	"0.37"	"0.387"	"0.444"
"Latin"	"Latn"	"24"	"fr-FR"	"Latn"	"18"	"0.0435"	"27"	"0.2201"	"1"	"3.83"	"0.355"	"0.37"	"0.387"	"0.444"
"Latin"	"Latn"	"24"	"zh-Hans-CN"	"Hans"	"27"	"0.1159"	"27"	"0.2092"	"0.0667"	"2.56"	"0.148"	"0.333"	"0.37"	"0.444"
"Latin"	"Latn"	"24"	"zh-Hant-HK"	"Hant"	"19"	"0.0725"	"27"	"0.2235"	"0"	"3.58"	"0.333"	"0.37"	"0.387"	"0.444"
"Latin"	"Latn"	"24"	"zh-Hant-TW"	"Hant"	"19"	"0.0725"	"27"	"0.2235"	"0"	"3.58"	"0.333"	"0.37"	"0.387"	"0.444"
"Cyrillic"	"Cyrl"	"10"	"ar-SA"	"Arab"	"10"	"0.7143"	"11"	"0.165"	"0"	"6.8"	"0.364"	"0.364"	"0.455"	"0.455"
"Cyrillic"	"Cyrl"	"10"	"de-DE"	"Latn"	"16"	"0.6143"	"11"	"0.1319"	"1"	"4.5"	"0.364"	"0.364"	"0.385"	"0.455"
"Cyrillic"	"Cyrl"	"10"	"en-US"	"Latn"	"16"	"0.6"	"11"	"0.1231"	"1"	"4.12"	"0.364"	"0.385"	"0.455"	"2.538"
"Cyrillic"	"Cyrl"	"10"	"fr-FR"	"Latn"	"13"	"0.5571"	"11"	"0.0908"	"1"	"3.77"	"0.364"	"0.364"	"0.455"	"12.538"
"Cyrillic"	"Cyrl"	"10"	"zh-Hans-CN"	"Hans"	"31"	"0.7286"	"9"	"0.0769"	"0.2857"	"1.68"	"0.083"	"0.333"	"0.455"	"4.583"
"Cyrillic"	"Cyrl"	"10"	"zh-Hant-HK"	"Hant"	"20"	"0.6714"	"11"	"0.092"	"0.0435"	"2.9"	"0.182"	"0.364"	"0.455"	"2.818"
"Cyrillic"	"Cyrl"	"10"	"zh-Hant-TW"	"Hant"	"20"	"0.6714"	"11"	"0.092"	"0.0435"	"2.9"	"0.182"	"0.364"	"0.455"	"2.818"
"Cyrillic"	"Cyrl"	"12"	"ar-SA"	"Arab"	"16"	"0.6143"	"13"	"0.1498"	"0"	"4.69"	"0.308"	"0.375"	"0.385"	"0.385"
"Cyrillic"	"Cyrl"	"12"	"de-DE"	"Latn"	"15"	"0.5571"	"13"	"0.1091"	"1"	"3.8"	"0.312"	"0.385"	"0.385"	"6.438"
"Cyrillic"	"Cyrl"	"12"	"en-US"	"Latn"	"15"	"0.5714"	"13"	"0.1091"	"1"	"3.8"	"0.312"	"0.385"	"0.385"	"6.438"
"Cyrillic"	"Cyrl"	"12"	"fr-FR"	"Latn"	"16"	"0.5571"	"13"	"0.1495"	"1"	"4.44"	"0.312"	"0.385"	"0.385"	"0.385"
"Cyrillic"	"Cyrl"	"12"	"zh-Hans-CN"	"Hans"	"23"	"0.7143"	"13"	"0.1139"	"0.0968"	"2.7"	"0.154"	"0.308"	"0.385"	"1.4"
"Cyrillic"	"Cyrl"	"12"	"zh-Hant-HK"	"Hant"	"23"	"0.6286"	"13"	"0.1125"	"0.069"	"2.61"	"0.154"	"0.308"	"0.385"	"2"
"Cyrillic"	"Cyrl"	"12"	"zh-Hant-TW"	"Hant"	"23"	"0.6286"	"13"	"0.1125"	"0.069"	"2.61"	"0.154"	"0.308"	"0.385"	"2"
"Cyrillic"	"Cyrl"	"16"	"ar-SA"	"Arab"	"16"	"0.6286"	"17"	"0.1708"	"0"	"4.75"	"0.353"	"0.381"	"0.412"	"0.471"
"Cyrillic"	"Cyrl"	"16"	"de-DE"	"Latn"	"16"	"0.7"	"17"	"0.1703"	"1"	"5"	"0.381"	"0.381"	"0.412"	"0.471"
"Cyrillic"	"Cyrl"	"16"	"en-US"	"Latn"	"17"	"0.6714"	"17"	"0.1694"	"1"	"4.53"	"0.353"	"0.381"	"0.412"	"0.471"
"Cyrillic"	"Cyrl"	"16"	"fr-FR"	"Latn"	"16"	"0.6714"	"17"	"0.1703"	"1"	"4.94"	"0.381"	"0.381"	"0.412"	"0.471"
"Cyrillic"	"Cyrl"	"16"	"zh-Hans-CN"	"Hans"	"36"	"0.6571"	"15"	"0.1461"	"0.1667"	"1.86"	"0.059"	"0.143"	"0.381"	"1.714"
"Cyrillic"	"Cyrl"	"16"	"zh-Hant-HK"	"Hant"	"23"	"0.6429"	"17"	"0.1477"	"0"	"2.83"	"0.353"	"0.381"	"0.471"	"2.412"
"Cyrillic"	"Cyrl"	"16"	"zh-Hant-TW"	"Hant"	"23"	"0.6429"	"17"	"0.1477"	"0"	"2.83"	"0.353"	"0.381"	"0.471"	"2.412"
"Cyrillic"	"Cyrl"	"24"	"ar-SA"	"Arab"	"16"	"0.6714"	"27"	"0.2091"	"0"	"4.94"	"0.355"	"0.37"	"0.387"	"0.481"
"Cyrillic"	"Cyrl"	"24"	"de-DE"	"Latn"	"16"	"0.6714"	"27"	"0.203"	"1"	"4.81"	"0.355"	"0.37"	"0.387"	"0.444"
"Cyrillic"	"Cyrl"	"24"	"en-US"	"Latn"	"17"	"0.6714"	"27"	"0.2078"	"1"	"4.47"	"0.333"	"0.37"	"0.387"	"0.444"
"Cyrillic"	"Cyrl"	"24"	"fr-FR"	"Latn"	"16"	"0.6571"	"27"	"0.2091"	"1"	"4.88"	"0.355"	"0.37"	"0.387"	"0.444"
"Cyrillic"	"Cyrl"	"24"	"zh-Hans-CN"	"Hans"	"36"	"0.7429"	"23"	"0.1892"	"0.1667"	"2.17"	"0.111"	"0.222"	"0.37"	"0.71"
"Cyrillic"	"Cyrl"	"24"	"zh-Hant-HK"	"Hant"	"21"	"0.6571"	"27"	"0.185"	"0.0303"	"3.52"	"0.129"	"0.37"	"0.387"	"1.968"
"Cyrillic"	"Cyrl"	"24"	"zh-Hant-TW"	"Hant"	"21"	"0.6571"	"27"	"0.185"	"0.0303"	"3.52"	"0.129"	"0.37"	"0.387"	"1.968"
"Greek"	"Grek"	"10"	"ar-SA"	"Arab"	"10"	"0.6875"	"11"	"0.1679"	"0.2143"	"3.7"	"0.364"	"0.364"	"0.455"	"0.455"
"Greek"	"Grek"	"10"	"de-DE"	"Latn"	"11"	"0.5469"	"11"	"0.1222"	"1"	"4.64"	"0.364"	"0.364"	"0.455"	"2.385"
"Greek"	"Grek"	"10"	"en-US"	"Latn"	"12"	"0.5781"	"11"	"0.1213"	"1"	"4.17"	"0.364"	"0.364"	"0.455"	"2.385"
"Greek"	"Grek"	"10"	"fr-FR"	"Latn"	"12"	"0.5156"	"11"	"0.1298"	"1"	"4.42"	"0.364"	"0.385"	"0.455"	"0.462"
"Greek"	"Grek"	"10"	"zh-Hans-CN"	"Hans"	"23"	"0.7031"	"11"	"0.127"	"0.2222"	"2.26"	"0.091"	"0.364"	"0.455"	"2.818"
"Greek"	"Grek"	"10"	"zh-Hant-HK"	"Hant"	"17"	"0.6406"	"11"	"0.1238"	"0.125"	"2.94"	"0.182"	"0.364"	"0.385"	"2.818"
"Greek"	"Grek"	"10"	"zh-Hant-TW"	"Hant"	"17"	"0.6406"	"11"	"0.1238"	"0.125"	"2.94"	"0.182"	"0.364"	"0.385"	"2.818"
"Greek"	"Grek"	"12"	"ar-SA"	"Arab"	"13"	"0.5"	"13"	"0.1791"	"0"	"4.92"	"0.312"	"0.385"	"0.385"	"0.385"
"Greek"	"Grek"	"12"	"de-DE"	"Latn"	"14"	"0.5312"	"13"	"0.1776"	"1"	"4.64"	"0.312"	"0.385"	"0.385"	"0.385"
"Greek"	"Grek"	"12"	"en-US"	"Latn"	"14"	"0.5469"	"13"	"0.1776"	"1"	"4.64"	"0.312"	"0.385"	"0.385"	"0.385"
"Greek"	"Grek"	"12"	"fr-FR"	"Latn"	"12"	"0.5"	"13"	"0.1501"	"1"	"4.58"	"0.312"	"0.385"	"0.385"	"0.385"
"Greek"	"Grek"	"12"	"zh-Hans-CN"	"Hans"	"24"	"0.6875"	"12"	"0.107"	"0.1739"	"2.04"	"0.077"	"0.308"	"0.385"	"1.667"
"Greek"	"Grek"	"12"	"zh-Hant-HK"	"Hant"	"25"	"0.5938"	"12"	"0.1091"	"0.2174"	"2"	"0.154"	"0.308"	"0.385"	"6"
"Greek"	"Grek"	"12"	"zh-Hant-TW"	"Hant"	"25"	"0.5938"	"12"	"0.1091"	"0.2174"	"2"	"0.154"	"0.308"	"0.385"	"6"
"Greek"	"Grek"	"16"	"ar-SA"	"Arab"	"13"	"0.5781"	"17"	"0.2044"	"0"	"5.23"	"0.353"	"0.353"	"0.412"	"0.471"
"Greek"	"Grek"	"16"	"de-DE"	"Latn"	"10"	"0.5156"	"17"	"0.1212"	"1"	"4.3"	"0.412"	"0.412"	"0.412"	"0.471"
"Greek"	"Grek"	"16"	"en-US"	"Latn"	"12"	"0.5312"	"17"	"0.1284"	"1"	"3.83"	"0.353"	"0.412"	"0.412"	"6.143"
"Greek"	"Grek"	"16"	"fr-FR"	"Latn"	"12"	"0.5"	"17"	"0.1631"	"1"	"4.58"	"0.353"	"0.412"	"0.412"	"6.143"
"Greek"	"Grek"	"16"	"zh-Hans-CN"	"Hans"	"27"	"0.625"	"17"	"0.1488"	"0.2593"	"2"	"0.059"	"0.118"	"0.412"	"2.238"
"Greek"	"Grek"	"16"	"zh-Hant-HK"	"Hant"	"18"	"0.625"	"17"	"0.1761"	"0.0357"	"3.33"	"0.333"	"0.412"	"0.471"	"2.412"
"Greek"	"Grek"	"16"	"zh-Hant-TW"	"Hant"	"18"	"0.625"	"17"	"0.1761"	"0.0357"	"3.33"	"0.333"	"0.412"	"0.471"	"2.412"
"Greek"	"Grek"	"24"	"ar-SA"	"Arab"	"13"	"0.5312"	"27"	"0.2491"	"0"	"5.08"	"0.355"	"0.37"	"0.407"	"0.481"
"Greek"	"Grek"	"24"	"de-DE"	"Latn"	"12"	"0.5312"	"27"	"0.2011"	"1"	"4.5"	"0.37"	"0.37"	"0.407"	"0.444"
"Greek"	"Grek"	"24"	"en-US"	"Latn"	"13"	"0.5469"	"27"	"0.2068"	"1"	"4.23"	"0.333"	"0.37"	"0.407"	"0.444"
"Greek"	"Grek"	"24"	"fr-FR"	"Latn"	"11"	"0.5"	"27"	"0.1594"	"1"	"4.18"	"0.37"	"0.37"	"0.407"	"6.419"
"Greek"	"Grek"	"24"	"zh-Hans-CN"	"Hans"	"24"	"0.6094"	"27"	"0.1963"	"0.2222"	"2.46"	"0.111"	"0.259"	"0.37"	"2.355"
"Greek"	"Grek"	"24"	"zh-Hant-HK"	"Hant"	"20"	"0.5469"	"27"	"0.1849"	"0.1905"	"2.75"	"0.065"	"0.37"	"0.407"	"3.129"
"Greek"	"Grek"	"24"	"zh-Hant-TW"	"Hant"	"20"	"0.5469"	"27"	"0.1849"	"0.1905"	"2.75"	"0.065"	"0.37"	"0.407"	"3.129"
"Arabic"	"Arab"	"10"	"ar-SA"	"Arab"	"0"	"1"	"0"	"0"	"1"	"0"	"0"	"0"	"0"	"0"
"Arabic"	"Arab"	"10"	"de-DE"	"Latn"	"9"	"0.5238"	"10"	"0.0741"	"1"	"3.67"	"0.4"	"0.4"	"0.5"	"0.5"
"Arabic"	"Arab"	"10"	"en-US"	"Latn"	"9"	"0.5238"	"10"	"0.0741"	"1"	"3.67"	"0.4"	"0.4"	"0.5"	"0.5"
"Arabic"	"Arab"	"10"	"fr-FR"	"Latn"	"9"	"0.5079"	"10"	"0.0741"	"1"	"3.67"	"0.4"	"0.4"	"0.5"	"0.5"
"Arabic"	"Arab"	"10"	"zh-Hans-CN"	"Hans"	"17"	"0.6349"	"10"	"0.0633"	"0.3333"	"1.71"	"0.1"	"0.4"	"0.4"	"1.7"
"Arabic"	"Arab"	"10"	"zh-Hant-HK"	"Hant"	"12"	"0.6032"	"10"	"0.0675"	"0"	"2.5"	"0.4"	"0.4"	"0.5"	"1.2"
"Arabic"	"Arab"	"10"	"zh-Hant-TW"	"Hant"	"12"	"0.6032"	"10"	"0.0675"	"0"	"2.5"	"0.4"	"0.4"	"0.5"	"1.2"
"Arabic"	"Arab"	"12"	"ar-SA"	"Arab"	"13"	"0.4286"	"13"	"0.147"	"0.7778"	"4.69"	"0.25"	"0.312"	"0.417"	"0.5"
"Arabic"	"Arab"	"12"	"de-DE"	"Latn"	"10"	"0.5556"	"12"	"0.0828"	"1"	"3.3"	"0.333"	"0.333"	"0.417"	"0.5"
"Arabic"	"Arab"	"12"	"en-US"	"Latn"	"10"	"0.5714"	"12"	"0.0828"	"1"	"3.3"	"0.333"	"0.333"	"0.417"	"0.5"
"Arabic"	"Arab"	"12"	"fr-FR"	"Latn"	"9"	"0.5714"	"12"	"0.0743"	"1"	"3.22"	"0.333"	"0.417"	"0.5"	"2.75"
"Arabic"	"Arab"	"12"	"zh-Hans-CN"	"Hans"	"17"	"0.619"	"12"	"0.0768"	"0.2"	"1.94"	"0.083"	"0.333"	"0.417"	"0.5"
"Arabic"	"Arab"	"12"	"zh-Hant-HK"	"Hant"	"11"	"0.5873"	"12"	"0.0808"	"0.125"	"2.82"	"0.25"	"0.333"	"0.333"	"1.5"
"Arabic"	"Arab"	"12"	"zh-Hant-TW"	"Hant"	"11"	"0.5873"	"12"	"0.0808"	"0.125"	"2.82"	"0.25"	"0.333"	"0.333"	"1.5"
"Arabic"	"Arab"	"16"	"ar-SA"	"Arab"	"15"	"0.4286"	"17"	"0.1593"	"0.7895"	"4.2"	"0.35"	"0.4"	"0.467"	"0.533"
"Arabic"	"Arab"	"16"	"de-DE"	"Latn"	"9"	"0.5873"	"15"	"0.0942"	"1"	"3.67"	"0.467"	"0.467"	"0.467"	"0.533"
"Arabic"	"Arab"	"16"	"en-US"	"Latn"	"9"	"0.6032"	"15"	"0.0942"	"1"	"3.67"	"0.467"	"0.467"	"0.467"	"0.533"
"Arabic"	"Arab"	"16"	"fr-FR"	"Latn"	"8"	"0.5714"	"15"	"0.0959"	"1"	"4.12"	"0.467"	"0.467"	"0.467"	"0.533"
"Arabic"	"Arab"	"16"	"zh-Hans-CN"	"Hans"	"16"	"0.6032"	"15"	"0.0844"	"0.2"	"2"	"0.067"	"0.4"	"0.467"	"0.733"
"Arabic"	"Arab"	"16"	"zh-Hant-HK"	"Hant"	"10"	"0.5556"	"15"	"0.0911"	"0"	"3.2"	"0.467"	"0.467"	"0.467"	"0.733"
"Arabic"	"Arab"	"16"	"zh-Hant-TW"	"Hant"	"10"	"0.5556"	"15"	"0.0911"	"0"	"3.2"	"0.467"	"0.467"	"0.467"	"0.733"
"Arabic"	"Arab"	"24"	"ar-SA"	"Arab"	"15"	"0.4286"	"26"	"0.1993"	"0.7895"	"4.2"	"0.367"	"0.4"	"0.435"	"0.478"
"Arabic"	"Arab"	"24"	"de-DE"	"Latn"	"11"	"0.5238"	"23"	"0.1294"	"1"	"3.82"	"0.435"	"0.435"	"0.435"	"0.522"
"Arabic"	"Arab"	"24"	"en-US"	"Latn"	"10"	"0.5397"	"23"	"0.1134"	"1"	"3.3"	"0.435"	"0.435"	"0.435"	"0.522"
"Arabic"	"Arab"	"24"	"fr-FR"	"Latn"	"10"	"0.5079"	"23"	"0.1314"	"1"	"4.4"	"0.435"	"0.435"	"0.478"	"0.522"
"Arabic"	"Arab"	"24"	"zh-Hans-CN"	"Hans"	"18"	"0.6032"	"23"	"0.1028"	"0"	"1.83"	"0.174"	"0.391"	"0.435"	"0.522"
"Arabic"	"Arab"	"24"	"zh-Hant-HK"	"Hant"	"10"	"0.5397"	"23"	"0.1134"	"0"	"3.3"	"0.435"	"0.435"	"0.435"	"0.522"
"Arabic"	"Arab"	"24"	"zh-Hant-TW"	"Hant"	"10"	"0.5397"	"23"	"0.1134"	"0"	"3.3"	"0.435"	"0.435"	"0.435"	"0.522"
"Hans"	"Hans"	"10"	"ar-SA"	"Arab"	"0"	"1"	"0"	"0"	"1"	"0"	"0"	"0"	"0"	"0"
"Hans"	"Hans"	"10"	"de-DE"	"Latn"	"10"	"0.4444"	"12"	"0.0679"	"1"	"3.3"	"0.417"	"0.417"	"0.417"	"0.417"
"Hans"	"Hans"	"10"	"en-US"	"Latn"	"10"	"0.463"	"12"	"0.0679"	"1"	"3.3"	"0.417"	"0.417"	"0.417"	"0.417"
"Hans"	"Hans"	"10"	"fr-FR"	"Latn"	"10"	"0.4259"	"12"	"0.0679"	"1"	"3.3"	"0.417"	"0.417"	"0.417"	"0.417"
"Hans"	"Hans"	"10"	"zh-Hans-CN"	"Hans"	"35"	"0.4074"	"12"	"0.1354"	"0.7692"	"1.4"	"0.083"	"0.083"	"0.417"	"1.167"
"Hans"	"Hans"	"10"	"zh-Hant-HK"	"Hant"	"29"	"0.2778"	"12"	"0.1203"	"0.619"	"1.62"	"0.083"	"0.333"	"0.417"	"3.333"
"Hans"	"Hans"	"10"	"zh-Hant-TW"	"Hant"	"29"	"0.2778"	"12"	"0.1203"	"0.619"	"1.62"	"0.083"	"0.333"	"0.417"	"3.333"
"Hans"	"Hans"	"12"	"ar-SA"	"Arab"	"9"	"0.4259"	"14"	"0.0767"	"0"	"3.67"	"0.357"	"0.429"	"0.429"	"0.429"
"Hans"	"Hans"	"12"	"de-DE"	"Latn"	"10"	"0.4444"	"14"	"0.0756"	"1"	"3.3"	"0.357"	"0.429"	"0.429"	"0.429"
"Hans"	"Hans"	"12"	"en-US"	"Latn"	"10"	"0.463"	"14"	"0.0756"	"1"	"3.3"	"0.357"	"0.429"	"0.429"	"0.429"
"Hans"	"Hans"	"12"	"fr-FR"	"Latn"	"9"	"0.4259"	"14"	"0.0767"	"1"	"3.67"	"0.357"	"0.429"	"0.429"	"0.429"
"Hans"	"Hans"	"12"	"zh-Hans-CN"	"Hans"	"38"	"0.2593"	"15"	"0.1523"	"0.7037"	"1.37"	"0.067"	"0.143"	"0.357"	"1.133"
"Hans"	"Hans"	"12"	"zh-Hant-HK"	"Hant"	"30"	"0.2407"	"15"	"0.1588"	"0.68"	"1.77"	"0"	"0.067"	"0.357"	"1.133"
"Hans"	"Hans"	"12"	"zh-Hant-TW"	"Hant"	"30"	"0.2407"	"15"	"0.1588"	"0.68"	"1.77"	"0"	"0.067"	"0.357"	"1.133"
"Hans"	"Hans"	"16"	"ar-SA"	"Arab"	"9"	"0.4259"	"19"	"0.0885"	"0"	"3.67"	"0.368"	"0.421"	"0.474"	"0.474"
"Hans"	"Hans"	"16"	"de-DE"	"Latn"	"10"	"0.4444"	"19"	"0.0873"	"1"	"3.3"	"0.368"	"0.368"	"0.421"	"0.474"
"Hans"	"Hans"	"16"	"en-US"	"Latn"	"10"	"0.463"	"19"	"0.0873"	"1"	"3.3"	"0.368"	"0.368"	"0.421"	"0.474"
"Hans"	"Hans"	"16"	"fr-FR"	"Latn"	"9"	"0.4259"	"19"	"0.0885"	"1"	"3.67"	"0.368"	"0.421"	"0.474"	"0.474"
"Hans"	"Hans"	"16"	"zh-Hans-CN"	"Hans"	"37"	"0.1852"	"19"	"0.1803"	"0.7407"	"1.41"	"0.048"	"0.053"	"0.316"	"2"
"Hans"	"Hans"	"16"	"zh-Hant-HK"	"Hant"	"30"	"0.1481"	"19"	"0.189"	"0.6923"	"1.77"	"0.048"	"0.048"	"0.368"	"1.048"
"Hans"	"Hans"	"16"	"zh-Hant-TW"	"Hant"	"30"	"0.1481"	"19"	"0.189"	"0.6923"	"1.77"	"0.048"	"0.048"	"0.368"	"1.048"
"Hans"	"Hans"	"24"	"ar-SA"	"Arab"	"9"	"0.4259"	"28"	"0.113"	"0"	"3.67"	"0.393"	"0.393"	"0.393"	"0.393"
"Hans"	"Hans"	"24"	"de-DE"	"Latn"	"10"	"0.4444"	"29"	"0.1108"	"1"	"3.3"	"0.345"	"0.379"	"0.414"	"0.448"
"Hans"	"Hans"	"24"	"en-US"	"Latn"	"10"	"0.4815"	"29"	"0.1108"	"1"	"3.2"	"0.345"	"0.379"	"0.414"	"0.448"
"Hans"	"Hans"	"24"	"fr-FR"	"Latn"	"9"	"0.4259"	"29"	"0.1126"	"1"	"3.67"	"0.379"	"0.414"	"0.414"	"0.448"
"Hans"	"Hans"	"24"	"zh-Hans-CN"	"Hans"	"37"	"0.1667"	"30"	"0.2339"	"0.7241"	"1.43"	"0.031"	"0.094"	"0.345"	"1.031"
"Hans"	"Hans"	"24"	"zh-Hant-HK"	"Hant"	"30"	"0.1667"	"30"	"0.2399"	"0.75"	"1.7"	"0.031"	"0.069"	"0.379"	"1.031"
"Hans"	"Hans"	"24"	"zh-Hant-TW"	"Hant"	"30"	"0.1667"	"30"	"0.2399"	"0.75"	"1.7"	"0.031"	"0.069"	"0.379"	"1.031"
"Hant"	"Hant"	"10"	"ar-SA"	"Arab"	"0"	"1"	"0"	"0"	"1"	"0"	"0"	"0"	"0"	"0"
"Hant"	"Hant"	"10"	"de-DE"	"Latn"	"7"	"0.6111"	"11"	"0.052"	"1"	"3.29"	"0.182"	"0.273"	"0.273"	"2.818"
"Hant"	"Hant"	"10"	"en-US"	"Latn"	"7"	"0.6111"	"11"	"0.052"	"1"	"3.29"	"0.182"	"0.273"	"0.273"	"2.818"
"Hant"	"Hant"	"10"	"fr-FR"	"Latn"	"7"	"0.6111"	"11"	"0.052"	"1"	"3.29"	"0.182"	"0.273"	"0.273"	"2.818"
"Hant"	"Hant"	"10"	"zh-Hans-CN"	"Hans"	"30"	"0.5556"	"11"	"0.0987"	"0.5909"	"1.43"	"0.091"	"0.182"	"0.273"	"4.5"
"Hant"	"Hant"	"10"	"zh-Hant-HK"	"Hant"	"19"	"0.4259"	"11"	"0.0856"	"0.3571"	"2"	"0.182"	"0.273"	"0.273"	"11.636"
"Hant"	"Hant"	"10"	"zh-Hant-TW"	"Hant"	"19"	"0.4259"	"11"	"0.0856"	"0.3571"	"2"	"0.182"	"0.273"	"0.273"	"11.636"
"Hant"	"Hant"	"12"	"ar-SA"	"Arab"	"9"	"0.463"	"14"	"0.0783"	"0"	"3.67"	"0.214"	"0.357"	"0.357"	"0.357"
"Hant"	"Hant"	"12"	"de-DE"	"Latn"	"9"	"0.4444"	"14"	"0.0783"	"1"	"3.67"	"0.214"	"0.357"	"0.357"	"0.357"
"Hant"	"Hant"	"12"	"en-US"	"Latn"	"9"	"0.4444"	"14"	"0.0783"	"1"	"3.67"	"0.214"	"0.357"	"0.357"	"0.357"
"Hant"	"Hant"	"12"	"fr-FR"	"Latn"	"9"	"0.4259"	"14"	"0.0783"	"1"	"3.67"	"0.214"	"0.357"	"0.357"	"0.357"
"Hant"	"Hant"	"12"	"zh-Hans-CN"	"Hans"	"37"	"0.3333"	"15"	"0.1433"	"0.7083"	"1.38"	"0.133"	"0.143"	"0.214"	"2.6"
"Hant"	"Hant"	"12"	"zh-Hant-HK"	"Hant"	"29"	"0.1481"	"15"	"0.1561"	"0.7727"	"1.76"	"0.133"	"0.133"	"0.357"	"1.357"
"Hant"	"Hant"	"12"	"zh-Hant-TW"	"Hant"	"29"	"0.1481"	"15"	"0.1561"	"0.7727"	"1.76"	"0.133"	"0.133"	"0.357"	"1.357"
"Hant"	"Hant"	"16"	"ar-SA"	"Arab"	"9"	"0.4259"	"19"	"0.0877"	"0"	"3.67"	"0.263"	"0.316"	"0.368"	"0.421"
"Hant"	"Hant"	"16"	"de-DE"	"Latn"	"8"	"0.4444"	"19"	"0.0909"	"1"	"4.12"	"0.263"	"0.316"	"0.368"	"0.421"
"Hant"	"Hant"	"16"	"en-US"	"Latn"	"8"	"0.4444"	"19"	"0.0909"	"1"	"4.12"	"0.263"	"0.316"	"0.368"	"0.421"
"Hant"	"Hant"	"16"	"fr-FR"	"Latn"	"8"	"0.4259"	"19"	"0.0909"	"1"	"4.12"	"0.263"	"0.316"	"0.368"	"0.421"
"Hant"	"Hant"	"16"	"zh-Hans-CN"	"Hans"	"42"	"0.2222"	"19"	"0.1741"	"0.7667"	"1.31"	"0.105"	"0.105"	"0.263"	"0.526"
"Hant"	"Hant"	"16"	"zh-Hant-HK"	"Hant"	"27"	"0.0926"	"19"	"0.1946"	"0.72"	"2"	"0.105"	"0.158"	"0.3"	"0.526"
"Hant"	"Hant"	"16"	"zh-Hant-TW"	"Hant"	"27"	"0.0926"	"19"	"0.1946"	"0.72"	"2"	"0.105"	"0.158"	"0.3"	"0.526"
"Hant"	"Hant"	"24"	"ar-SA"	"Arab"	"10"	"0.4259"	"27"	"0.2156"	"0.2727"	"3.9"	"0.333"	"0.333"	"0.37"	"0.37"
"Hant"	"Hant"	"24"	"de-DE"	"Latn"	"9"	"0.4444"	"28"	"0.1101"	"1"	"3.67"	"0.321"	"0.321"	"0.357"	"0.357"
"Hant"	"Hant"	"24"	"en-US"	"Latn"	"9"	"0.4444"	"28"	"0.1101"	"1"	"3.67"	"0.321"	"0.321"	"0.357"	"0.357"
"Hant"	"Hant"	"24"	"fr-FR"	"Latn"	"9"	"0.4259"	"28"	"0.1101"	"1"	"3.67"	"0.321"	"0.321"	"0.357"	"0.357"
"Hant"	"Hant"	"24"	"zh-Hans-CN"	"Hans"	"37"	"0.1852"	"28"	"0.2057"	"0.7407"	"1.41"	"0.133"	"0.167"	"0.321"	"1.2"
"Hant"	"Hant"	"24"	"zh-Hant-HK"	"Hant"	"33"	"0.1111"	"29"	"0.2201"	"0.7308"	"1.61"	"0.133"	"0.167"	"0.321"	"1.2"
"Hant"	"Hant"	"24"	"zh-Hant-TW"	"Hant"	"33"	"0.1111"	"29"	"0.2201"	"0.7308"	"1.61"	"0.133"	"0.167"	"0.321"	"1.2"
"Japanese"	"Jpan"	"10"	"ar-SA"	"Arab"	"0"	"1"	"0"	"0"	"1"	"0"	"0"	"0"	"0"	"0"
"Japanese"	"Jpan"	"10"	"de-DE"	"Latn"	"7"	"0.6667"	"12"	"0.0318"	"1"	"3.43"	"0.333"	"0.5"	"2.917"	"3.583"
"Japanese"	"Jpan"	"10"	"en-US"	"Latn"	"7"	"0.6667"	"12"	"0.0318"	"1"	"3.43"	"0.333"	"0.5"	"2.917"	"3.583"
"Japanese"	"Jpan"	"10"	"fr-FR"	"Latn"	"7"	"0.6825"	"12"	"0.0318"	"1"	"3.43"	"0.333"	"0.5"	"2.917"	"3.583"
"Japanese"	"Jpan"	"10"	"zh-Hans-CN"	"Hans"	"33"	"0.7302"	"12"	"0.0778"	"0.7273"	"1.3"	"0.167"	"0.333"	"1.333"	"3.833"
"Japanese"	"Jpan"	"10"	"zh-Hant-HK"	"Hant"	"26"	"0.6825"	"12"	"0.0534"	"0.6111"	"1.31"	"0.167"	"0.417"	"1.583"	"6.083"
"Japanese"	"Jpan"	"10"	"zh-Hant-TW"	"Hant"	"26"	"0.6825"	"12"	"0.0534"	"0.6111"	"1.31"	"0.167"	"0.417"	"1.583"	"6.083"
"Japanese"	"Jpan"	"12"	"ar-SA"	"Arab"	"9"	"0.619"	"14"	"0.0489"	"0"	"3.67"	"0.429"	"0.429"	"0.571"	"0.571"
"Japanese"	"Jpan"	"12"	"de-DE"	"Latn"	"8"	"0.5873"	"14"	"0.0434"	"1"	"3.62"	"0.429"	"0.429"	"0.5"	"3.143"
"Japanese"	"Jpan"	"12"	"en-US"	"Latn"	"8"	"0.5873"	"14"	"0.0434"	"1"	"3.62"	"0.429"	"0.429"	"0.5"	"3.143"
"Japanese"	"Jpan"	"12"	"fr-FR"	"Latn"	"8"	"0.5714"	"14"	"0.0434"	"1"	"3.62"	"0.429"	"0.429"	"0.5"	"3.143"
"Japanese"	"Jpan"	"12"	"zh-Hans-CN"	"Hans"	"38"	"0.6032"	"14"	"0.0936"	"0.7037"	"1.32"	"0.143"	"0.357"	"0.571"	"2.571"
"Japanese"	"Jpan"	"12"	"zh-Hant-HK"	"Hant"	"34"	"0.4921"	"14"	"0.0878"	"0.5714"	"1.47"	"0.214"	"0.429"	"1.071"	"3.786"
"Japanese"	"Jpan"	"12"	"zh-Hant-TW"	"Hant"	"34"	"0.4921"	"14"	"0.0878"	"0.5714"	"1.47"	"0.214"	"0.429"	"1.071"	"3.786"
"Japanese"	"Jpan"	"16"	"ar-SA"	"Arab"	"9"	"0.5079"	"20"	"0.0553"	"0"	"3.67"	"0.35"	"0.4"	"0.4"	"0.4"
"Japanese"	"Jpan"	"16"	"de-DE"	"Latn"	"15"	"0.5238"	"20"	"0.0703"	"1"	"3"	"0.35"	"0.4"	"1.444"	"11.556"
"Japanese"	"Jpan"	"16"	"en-US"	"Latn"	"14"	"0.5238"	"20"	"0.0706"	"1"	"3.21"	"0.35"	"0.4"	"3.389"	"11.556"
"Japanese"	"Jpan"	"16"	"fr-FR"	"Latn"	"15"	"0.5079"	"20"	"0.0731"	"1"	"3.07"	"0.35"	"0.4"	"1.444"	"11.556"
"Japanese"	"Jpan"	"16"	"zh-Hans-CN"	"Hans"	"44"	"0.4921"	"18"	"0.1119"	"0.7812"	"1.32"	"0.15"	"0.263"	"0.368"	"3.789"
"Japanese"	"Jpan"	"16"	"zh-Hant-HK"	"Hant"	"32"	"0.381"	"18"	"0.1111"	"0.64"	"1.75"	"0.211"	"0.35"	"0.4"	"2.737"
"Japanese"	"Jpan"	"16"	"zh-Hant-TW"	"Hant"	"32"	"0.381"	"18"	"0.1111"	"0.64"	"1.75"	"0.211"	"0.35"	"0.4"	"2.737"
"Japanese"	"Jpan"	"24"	"ar-SA"	"Arab"	"10"	"0.5079"	"30"	"0.0692"	"0"	"3.7"	"0.4"	"0.433"	"0.433"	"0.433"
"Japanese"	"Jpan"	"24"	"de-DE"	"Latn"	"9"	"0.5238"	"30"	"0.0616"	"1"	"3.67"	"0.4"	"0.4"	"0.433"	"0.433"
"Japanese"	"Jpan"	"24"	"en-US"	"Latn"	"9"	"0.5238"	"30"	"0.0616"	"1"	"3.67"	"0.4"	"0.4"	"0.433"	"0.433"
"Japanese"	"Jpan"	"24"	"fr-FR"	"Latn"	"9"	"0.5079"	"30"	"0.0616"	"1"	"3.67"	"0.4"	"0.4"	"0.433"	"0.433"
"Japanese"	"Jpan"	"24"	"zh-Hans-CN"	"Hans"	"44"	"0.4286"	"28"	"0.1364"	"0.7647"	"1.36"	"0.138"	"0.241"	"0.4"	"1.483"
"Japanese"	"Jpan"	"24"	"zh-Hant-HK"	"Hant"	"32"	"0.3492"	"29"	"0.1263"	"0.6538"	"1.72"	"0.207"	"0.4"	"0.433"	"2.759"
"Japanese"	"Jpan"	"24"	"zh-Hant-TW"	"Hant"	"32"	"0.3492"	"29"	"0.1263"	"0.6538"	"1.72"	"0.207"	"0.4"	"0.433"	"2.759"
"Korean"	"Kore"	"10"	"ar-SA"	"Arab"	"1"	"0.7966"	"12"	"0.0741"	"0"	"33"	"0"	"0"	"0"	"0"
"Korean"	"Kore"	"10"	"de-DE"	"Latn"	"10"	"0.4915"	"11"	"0.0662"	"1"	"4.2"	"0.455"	"0.545"	"0.545"	"0.636"
"Korean"	"Kore"	"10"	"en-US"	"Latn"	"10"	"0.4915"	"11"	"0.0662"	"1"	"4.2"	"0.455"	"0.545"	"0.545"	"0.636"
"Korean"	"Kore"	"10"	"fr-FR"	"Latn"	"9"	"0.4746"	"11"	"0.0472"	"1"	"3.67"	"0.455"	"0.545"	"0.545"	"0.636"
"Korean"	"Kore"	"10"	"zh-Hans-CN"	"Hans"	"26"	"0.7797"	"12"	"0.0664"	"0.5833"	"1.38"	"0.091"	"0.455"	"0.545"	"1.75"
"Korean"	"Kore"	"10"	"zh-Hant-HK"	"Hant"	"22"	"0.661"	"11"	"0.0748"	"0.3"	"2.14"	"0.182"	"0.455"	"0.545"	"3.615"
"Korean"	"Kore"	"10"	"zh-Hant-TW"	"Hant"	"22"	"0.661"	"11"	"0.0748"	"0.3"	"2.14"	"0.182"	"0.455"	"0.545"	"3.615"
"Korean"	"Kore"	"12"	"ar-SA"	"Arab"	"9"	"0.4746"	"14"	"0.0611"	"0"	"3.67"	"0.429"	"0.5"	"0.5"	"0.5"
"Korean"	"Kore"	"12"	"de-DE"	"Latn"	"10"	"0.5085"	"14"	"0.0796"	"1"	"4"	"0.429"	"0.429"	"0.5"	"0.5"
"Korean"	"Kore"	"12"	"en-US"	"Latn"	"11"	"0.5085"	"14"	"0.0828"	"1"	"3.82"	"0.429"	"0.429"	"0.5"	"0.5"
"Korean"	"Kore"	"12"	"fr-FR"	"Latn"	"10"	"0.4746"	"14"	"0.0837"	"1"	"4.2"	"0.429"	"0.429"	"0.5"	"0.5"
"Korean"	"Kore"	"12"	"zh-Hans-CN"	"Hans"	"33"	"0.7458"	"15"	"0.114"	"0.5926"	"1.61"	"0.133"	"0.267"	"0.5"	"2.667"
"Korean"	"Kore"	"12"	"zh-Hant-HK"	"Hant"	"11"	"0.5424"	"14"	"0.0571"	"0"	"2.82"	"0.429"	"0.429"	"0.5"	"1.071"
"Korean"	"Kore"	"12"	"zh-Hant-TW"	"Hant"	"11"	"0.5424"	"14"	"0.0571"	"0"	"2.82"	"0.429"	"0.429"	"0.5"	"1.071"
"Korean"	"Kore"	"16"	"ar-SA"	"Arab"	"13"	"0.4746"	"18"	"0.1245"	"0.3333"	"3.92"	"0.444"	"0.5"	"0.5"	"0.6"
"Korean"	"Kore"	"16"	"de-DE"	"Latn"	"11"	"0.5085"	"18"	"0.0839"	"1"	"3.91"	"0.389"	"0.444"	"0.5"	"0.65"
"Korean"	"Kore"	"16"	"en-US"	"Latn"	"11"	"0.5085"	"18"	"0.0683"	"1"	"3.27"	"0.389"	"0.444"	"0.444"	"0.5"
"Korean"	"Kore"	"16"	"fr-FR"	"Latn"	"13"	"0.4746"	"18"	"0.0816"	"1"	"3.08"	"0.389"	"0.444"	"0.5"	"4.1"
"Korean"	"Kore"	"16"	"zh-Hans-CN"	"Hans"	"37"	"0.7458"	"18"	"0.0978"	"0.5652"	"1.38"	"0.111"	"0.278"	"0.444"	"6.15"
"Korean"	"Kore"	"16"	"zh-Hant-HK"	"Hant"	"20"	"0.5593"	"18"	"0.0782"	"0.3333"	"1.95"	"0.2"	"0.444"	"1.222"	"6.55"
"Korean"	"Kore"	"16"	"zh-Hant-TW"	"Hant"	"20"	"0.5593"	"18"	"0.0782"	"0.3333"	"1.95"	"0.2"	"0.444"	"1.222"	"6.55"
"Korean"	"Kore"	"24"	"ar-SA"	"Arab"	"18"	"0.5424"	"30"	"0.2244"	"0.4286"	"3.56"	"0.407"	"0.481"	"0.519"	"0.667"
"Korean"	"Kore"	"24"	"de-DE"	"Latn"	"14"	"0.4746"	"30"	"0.1249"	"1"	"3.71"	"0.444"	"0.481"	"0.633"	"9.167"
"Korean"	"Kore"	"24"	"en-US"	"Latn"	"16"	"0.4915"	"30"	"0.1301"	"1"	"3.44"	"0.444"	"0.467"	"0.481"	"9.167"
"Korean"	"Kore"	"24"	"fr-FR"	"Latn"	"15"	"0.4407"	"30"	"0.1134"	"1"	"3.33"	"0.444"	"0.444"	"0.481"	"9.167"
"Korean"	"Kore"	"24"	"zh-Hans-CN"	"Hans"	"31"	"0.5763"	"28"	"0.1184"	"0.6667"	"1.48"	"0.222"	"0.444"	"0.481"	"3.8"
"Korean"	"Kore"	"24"	"zh-Hant-HK"	"Hant"	"11"	"0.5254"	"27"	"0.0778"	"0"	"2.91"	"0.444"	"0.444"	"0.481"	"0.519"
"Korean"	"Kore"	"24"	"zh-Hant-TW"	"Hant"	"11"	"0.5254"	"27"	"0.0778"	"0"	"2.91"	"0.444"	"0.444"	"0.481"	"0.519"
